scope,commander,player,date,event,field_size,standing,wins,losses,draws,top_cut,winner,deck_url,event_url
local,"Crystal, Inhuman Princess",Will C. (Noritama),2026-08-26,Stomping Grounds Weekly CEDH,21,4,2,1,0,False,False,https://moxfield.com/decks/-xafAR6oinGDIJum3cJLOw,https://topdeck.gg/event/stomping-grounds-weekly-cedh-196
local,"Crystal, Inhuman Princess",Sylvie Vulpin [C4],2026-08-16,AZMS CEDH Qualifier #6,30,7,1,1,2,False,False,https://moxfield.com/decks/u0pTf0C3OEC2n4oRIfhXag,https://topdeck.gg/event/azms-cedh-qualifier-6
local,"Godo, Bandit Warlord","Jordan ""The Tangelo"" Larson [C4]",2026-09-06,September CEDH Tournament @ Arcanum!,40,5,3,3,0,True,False,https://moxfield.com/decks/48Q0ZRbjJkSM8gKSDNJSiQ,https://topdeck.gg/event/september-cedh-tournament-arcanum
local,"Kefka, Court Mage // Kefka, Ruler of Ruin",Ryan Osoy,2026-09-06,September CEDH Tournament @ Arcanum!,40,9,2,3,1,True,False,https://moxfield.com/decks/yDe7DnCgBEePcnVn-wZiqQ,https://topdeck.gg/event/september-cedh-tournament-arcanum
local,"Kefka, Court Mage // Kefka, Ruler of Ruin",Matthew Loving,2026-09-06,September CEDH Tournament @ Arcanum!,40,19,1,3,1,False,False,https://moxfield.com/decks/iQ-iRqe9MUOTBGRPUQSiFw,https://topdeck.gg/event/september-cedh-tournament-arcanum
local,"Kinnan, Bonder Prodigy",Brice Quarton,2026-09-06,September CEDH Tournament @ Arcanum!,40,1,4,1,1,True,True,https://moxfield.com/decks/wra9JpKGSEqI1HXtjzglYQ,https://topdeck.gg/event/september-cedh-tournament-arcanum
local,"Kinnan, Bonder Prodigy",Brandon Lee,2026-09-06,September CEDH Tournament @ Arcanum!,40,3,3,3,1,True,False,https://moxfield.com/decks/onSgAWEUmHS4vwOcOYi9rA,https://topdeck.gg/event/september-cedh-tournament-arcanum
local,"Kinnan, Bonder Prodigy",Alex Mahnke [WOOD],2026-08-16,AZMS CEDH Qualifier #6,30,4,2,2,1,True,False,https://moxfield.com/decks/GXKfAdIdL3-naxXL4Md_xw,https://topdeck.gg/event/azms-cedh-qualifier-6
local,"Kinnan, Bonder Prodigy",Gemein Cho,2026-09-06,September CEDH Tournament @ Arcanum!,40,6,2,2,2,True,False,https://moxfield.com/decks/DsByH8iavUSTjMkBZSOgyQ,https://topdeck.gg/event/september-cedh-tournament-arcanum
local,"Kinnan, Bonder Prodigy",Marcellus Jordan,2026-09-06,September CEDH Tournament @ Arcanum!,40,31,0,3,1,False,False,https://moxfield.com/decks/Mi4yPy0jFUGPx6pI5x3OVw,https://topdeck.gg/event/september-cedh-tournament-arcanum
local,"Kraum, Ludevic's Opus / Tymna the Weaver",Zach J Gable,2026-09-06,September CEDH Tournament @ Arcanum!,40,2,3,1,2,True,False,https://moxfield.com/decks/b8RZsIyaK0y0Ju6j3UyJYg,https://topdeck.gg/event/september-cedh-tournament-arcanum
local,"Kraum, Ludevic's Opus / Tymna the Weaver","Ryan ""Dailman"" Dailey",2026-08-16,AZMS CEDH Qualifier #6,30,10,1,2,1,False,False,https://moxfield.com/decks/ObBl24plwEuRwqtGTy1iyQ,https://topdeck.gg/event/azms-cedh-qualifier-6
local,"Kraum, Ludevic's Opus / Tymna the Weaver",Kyle Tunison [[SLOP]],2026-08-16,AZMS CEDH Qualifier #6,30,13,1,2,1,False,False,https://moxfield.com/decks/VuzcG_d0z02wzy6SzCL8Iw,https://topdeck.gg/event/azms-cedh-qualifier-6
local,"Magda, Brazen Outlaw",Matthew M.,2026-09-06,September CEDH Tournament @ Arcanum!,40,38,0,4,1,False,False,https://moxfield.com/decks/ym5etHcH7UuLIVyysdJKRQ,https://topdeck.gg/event/september-cedh-tournament-arcanum
local,"Maralen, Fae Ascendant",Ryan Bram [[SLOP]],2026-09-04,Weekly cEDH at Arcanum!,19,4,1,1,1,False,False,https://moxfield.com/decks/2uyNJp9cdkmVsswdeSPbGQ,https://topdeck.gg/event/weekly-cedh-at-arcanum-4
local,"Ral, Monsoon Mage // Ral, Leyline Prodigy",Merculeez,2026-08-16,AZMS CEDH Qualifier #6,30,3,2,1,2,True,False,https://moxfield.com/decks/5V6L78Dvs0uVRb9fagRQyA,https://topdeck.gg/event/azms-cedh-qualifier-6
local,"Ral, Monsoon Mage // Ral, Leyline Prodigy",S N E E P. F E V E N. [[SLOP]],2026-08-16,AZMS CEDH Qualifier #6,30,14,1,2,1,False,False,https://moxfield.com/decks/ylEDEK28602K5p9z-q9AHA,https://topdeck.gg/event/azms-cedh-qualifier-6
local,"Ral, Monsoon Mage // Ral, Leyline Prodigy",Patty OMalley,2026-08-16,AZMS CEDH Qualifier #6,30,15,1,2,1,False,False,https://moxfield.com/decks/qQugAfxTrn2WjAQU5x3p0Q,https://topdeck.gg/event/azms-cedh-qualifier-6
local,"Rograkh, Son of Rohgahh / Silas Renn, Seeker Adept",Dylan Cruz-Rojewski,2026-08-28,Weekly cEDH at Arcanum,18,6,1,1,1,False,False,https://moxfield.com/decks/d9OGBA-OSEOYEly6gAZjPg,https://topdeck.gg/event/weekly-cedh-at-arcanum-3
local,"Rograkh, Son of Rohgahh / Silas Renn, Seeker Adept",Ray Ray,2026-09-04,Weekly cEDH at Arcanum!,19,11,0,1,2,False,False,https://moxfield.com/decks/okoWxydYxUmhY8B-i8-ziw,https://topdeck.gg/event/weekly-cedh-at-arcanum-4
local,"Rograkh, Son of Rohgahh / Silas Renn, Seeker Adept",Tanner Schultz,2026-08-16,AZMS CEDH Qualifier #6,30,23,0,2,1,False,False,https://moxfield.com/decks/DQcnbWXjbE--EivTu-c2XA,https://topdeck.gg/event/azms-cedh-qualifier-6
local,"Rograkh, Son of Rohgahh / Silas Renn, Seeker Adept",Nic,2026-08-21,Weekly cEDH at Arcanum!,22,21,0,2,0,False,False,https://moxfield.com/decks/0xaWTXwmM0CUckC_TRPohw,https://topdeck.gg/event/weekly-cedh-at-arcanum-2
local,"Rograkh, Son of Rohgahh / Thrasios, Triton Hero",Jake Ransom,2026-08-16,AZMS CEDH Qualifier #6,30,1,3,2,0,True,True,https://moxfield.com/decks/13ZxbFOPdE6K2AapDsozvg,https://topdeck.gg/event/azms-cedh-qualifier-6
local,"Sisay, Weatherlight Captain",Thee Mack,2026-09-06,September CEDH Tournament @ Arcanum!,40,13,1,2,2,False,False,https://moxfield.com/decks/V6yeAURsiH-gIFmt-SraQw,https://topdeck.gg/event/september-cedh-tournament-arcanum
local,"Sisay, Weatherlight Captain",Talon Smith,2026-08-26,Stomping Grounds Weekly CEDH,21,13,0,2,1,False,False,https://moxfield.com/decks/4SSNwOA1WkO4TkUYqmZ5oQ,https://topdeck.gg/event/stomping-grounds-weekly-cedh-196
local,"Sisay, Weatherlight Captain",Seamus,2026-09-06,September CEDH Tournament @ Arcanum!,40,33,0,4,1,False,False,https://moxfield.com/decks/YmKfAUN7AH2FvOdhWj4djQ,https://topdeck.gg/event/september-cedh-tournament-arcanum
local,"Tayam, Luminous Enigma",ThePapaSquats,2026-08-21,Weekly cEDH at Arcanum!,22,7,1,2,0,False,False,https://moxfield.com/decks/bG2llrQpH0evNKPrpXx-VQ,https://topdeck.gg/event/weekly-cedh-at-arcanum-2
local,"Tayam, Luminous Enigma",Tyler Whipple,2026-08-16,AZMS CEDH Qualifier #6,30,24,0,3,1,False,False,https://moxfield.com/decks/plWcEkS1rEie1BDlbkj3Hg,https://topdeck.gg/event/azms-cedh-qualifier-6
local,"Thrasios, Triton Hero / Tymna the Weaver",Ross Donaldson,2026-09-06,September CEDH Tournament @ Arcanum!,40,7,2,3,1,True,False,https://moxfield.com/decks/3S05d3DUuEW_IjoBtlG5yQ,https://topdeck.gg/event/september-cedh-tournament-arcanum
local,"Thrasios, Triton Hero / Tymna the Weaver",Dakota Cline [C4],2026-09-06,September CEDH Tournament @ Arcanum!,40,8,2,3,1,True,False,https://moxfield.com/decks/AYB3Wun5aESqo54ErWjQLA,https://topdeck.gg/event/september-cedh-tournament-arcanum
local,"Thrasios, Triton Hero / Tymna the Weaver",Aidan Brean,2026-08-16,AZMS CEDH Qualifier #6,30,16,1,2,1,False,False,https://moxfield.com/decks/ESqfAVXx8nmcvoWlKDRmTA,https://topdeck.gg/event/azms-cedh-qualifier-6
local,"Thrasios, Triton Hero / Tymna the Weaver",Luke Lindsay,2026-09-06,September CEDH Tournament @ Arcanum!,40,22,1,4,0,False,False,https://moxfield.com/decks/zFWgAWd_O3mkRK3EgKw1kg,https://topdeck.gg/event/september-cedh-tournament-arcanum
local,"Thrasios, Triton Hero / Tymna the Weaver",Robert Schnepp,2026-09-06,September CEDH Tournament @ Arcanum!,40,37,0,4,1,False,False,https://moxfield.com/decks/SEMI7wXUyk60jBRcY2nDdA,https://topdeck.gg/event/september-cedh-tournament-arcanum
local,"Thrasios, Triton Hero / Yoshimaru, Ever Faithful",Kenjamin,2026-09-06,September CEDH Tournament @ Arcanum!,40,4,3,3,1,True,False,https://moxfield.com/decks/AdDY88ZnGUyxfidYb4FSmA,https://topdeck.gg/event/september-cedh-tournament-arcanum
global,Arcum Dagsson,NarutoSlayer69,2026-08-15,A león regalado no le mires el ojo. Cuarto torneo de cEDH en El Trastero Mágico. cEDH Canarias,29,1,3,1,1,True,True,https://moxfield.com/decks/kqtv78ReikuEoDL9MC4Mzg,https://topdeck.gg/event/a-leon-regalado-no-le-mires-el-ojo-cuarto-torneo-de-cedh
global,Arcum Dagsson,Geoffrey Banks,2026-08-30,Cedh Sunday,17,1,3,0,0,False,True,https://moxfield.com/decks/kWYO0BnpfUqupWw0bcrZeg,https://topdeck.gg/event/cedh-sunday-4
global,Arcum Dagsson,Monoblue Russ,2026-08-30,Cash Cards Unlimited CEDH Tournament - August,41,3,3,1,1,True,False,https://moxfield.com/decks/uqqWKafeU0KM8Ahrxl-iFQ,https://topdeck.gg/event/cash-cards-unlimited-cedh-tournament-august-2
global,Arcum Dagsson,Niko R [TOODEEP],2026-08-22,BREACH THE BAY 2 - cEDH 25K - AUGUST 22nd & 23rd,429,13,4,4,0,True,False,https://moxfield.com/decks/huYVoYaTW0S1xV-J6GfSoA,https://topdeck.gg/event/breach-the-bay-2
global,Arcum Dagsson,She Horseshoe my Crab till I Kinnan,2026-08-29,Summer Sizzler 5k CEDH event,91,6,3,3,0,True,False,https://moxfield.com/decks/-R7L69fAD0OkORxgbhVpxg,https://topdeck.gg/event/summer-sizzler-5k-cedh-event
global,"Crystal, Inhuman Princess",Calvin Ng,2026-08-31,Oahu Commander Invitational Qualifier Ser4S2W8,24,1,5,0,0,True,True,https://moxfield.com/decks/gWXQ3hHd2EG0eFqWc3MxmA,https://topdeck.gg/event/oahu-commander-invitational-qualifier-ser4s2w8
global,"Crystal, Inhuman Princess",Matt Kleine,2026-08-16,Nemesis Comics and Games CEDH Tournament,38,1,3,0,2,True,True,https://moxfield.com/decks/ibueAeyC9nSK8WxSEAG2CQ,https://topdeck.gg/event/nemesis-comics-and-games-cedh-tournament-copy-2
global,"Crystal, Inhuman Princess",Stephen Held,2026-08-29,CEDH Win-A-Dual,21,1,2,1,0,True,True,https://moxfield.com/decks/EoqfATxA7XuIsWo0YEKy2Q,https://topdeck.gg/event/cedh-win-a-dual-5
global,"Crystal, Inhuman Princess",Alex Malarkey,2026-08-29,Battlegrounds cEDH Monthly,32,1,3,1,1,True,True,https://moxfield.com/decks/B0qgAcAGQ3intsjW6gURpQ,https://topdeck.gg/event/battlegrounds-cedh-monthly-2-1784678287310
global,"Crystal, Inhuman Princess",Robert R,2026-09-05,CEDH at New City Brewery,64,1,3,1,2,True,True,https://moxfield.com/decks/b2BMOOl01Ei8UcK3g9tgpA,https://topdeck.gg/event/cedh-at-new-city-brewery-461
global,"Godo, Bandit Warlord","Jordan ""The Tangelo"" Larson [C4]",2026-09-06,September CEDH Tournament @ Arcanum!,40,5,3,3,0,True,False,https://moxfield.com/decks/48Q0ZRbjJkSM8gKSDNJSiQ,https://topdeck.gg/event/september-cedh-tournament-arcanum
global,"Godo, Bandit Warlord",Alfred Snay,2026-08-24,Oahu Commander Invitational Qualifier Ser4S2W7,20,3,2,2,1,True,False,https://moxfield.com/decks/oJz2hcSOWUGvVX9A39g_ng,https://topdeck.gg/event/oahu-commander-invitational-qualifier-ser4s2w7
global,"Godo, Bandit Warlord",Tony Stevenson,2026-08-22,Beyond CEDH August,61,41,0,2,2,False,False,https://moxfield.com/decks/_CagAdVNT3WP50M-heLkwQ,https://topdeck.gg/event/beyond-cedh-august
global,"Godo, Bandit Warlord",2007 TOYOTA COROLLA,2026-08-29,From The Vault: cEDH 33 $1K,59,55,0,3,1,False,False,https://moxfield.com/decks/PgJqGLj3jkaZT2p8Ubo9yA,https://topdeck.gg/event/from-the-vault-cedh-33-1k
global,"Godo, Bandit Warlord",Patrick,2026-08-23,Krypton Comics Monthly CEDH Grim Monolith!,28,26,0,4,0,False,False,https://moxfield.com/decks/Z28KvnkuUEOQB4wep0zncw,https://topdeck.gg/event/krypton-comics-monthly-cedh-grim-monolith
global,"Kefka, Court Mage // Kefka, Ruler of Ruin",Ben Corry,2026-08-16,August - cEDH European Championship Qualifier - Hartlepool - North East cEDH,24,1,3,1,0,True,True,https://moxfield.com/decks/xZhfecsvyUeh2rin4nR1QQ,https://topdeck.gg/event/august-2026-north-east-cedh
global,"Kefka, Court Mage // Kefka, Ruler of Ruin",Jace Taylor,2026-08-15,Paragon Gaming August 15th CEDH 3k,49,5,3,3,0,True,False,https://moxfield.com/decks/D94dkXFRoU6nZ_4V-scM9w,https://topdeck.gg/event/paragon-gaming-august-15th-cedh-3k
global,"Kefka, Court Mage // Kefka, Ruler of Ruin",Logan Carpenter,2026-08-30,Forbes CEDH Mox Diamond Qualifier| Aug 2026,34,6,2,3,0,True,False,https://moxfield.com/decks/fcn5gsBAIU-arLmpUk2Yfg,https://topdeck.gg/event/forbes-cedh-mox-diamond-qualifier-aug-2026
global,"Kefka, Court Mage // Kefka, Ruler of Ruin",Kuyang Duma,2026-08-31,Oahu Commander Invitational Qualifier Ser4S2W8,24,10,2,3,0,True,False,https://moxfield.com/decks/TQG9RNi8DkqFSUdn7gQtkQ,https://topdeck.gg/event/oahu-commander-invitational-qualifier-ser4s2w8
global,"Kefka, Court Mage // Kefka, Ruler of Ruin",Tayden,2026-08-29,"Trigger on the Stack CEDH CEDH FOR MOX DIAMOND, VOLCANIC ISLAND, SAVANNAH, & YAWGMOTH’S WILL !!!",81,10,2,3,1,True,False,https://moxfield.com/decks/wae_e9ZdXEW6o5p5ZG2loA,https://topdeck.gg/event/trigger-on-the-stack-cedh-cedh-for-mox-diamond-volcanic
global,"Kinnan, Bonder Prodigy",Matthew Swaney [Monolith],2026-08-30,TGE CEDH 1K*!,18,1,4,0,1,True,True,https://moxfield.com/decks/Ya5OreeOf0GSwc1a-bAIfw,https://topdeck.gg/event/tge-cedh-1k
global,"Kinnan, Bonder Prodigy",Shelton Fernandes,2026-08-30,Forbes CEDH Mox Diamond Qualifier| Aug 2026,34,1,4,1,0,True,True,https://moxfield.com/decks/WiigATNJcnCzVk4Yf7NRcA,https://topdeck.gg/event/forbes-cedh-mox-diamond-qualifier-aug-2026
global,"Kinnan, Bonder Prodigy",Jonathan MacKeigan,2026-08-22,Halifax cEDH 1: Rhystic Gaslighting,29,1,3,0,1,True,True,https://moxfield.com/decks/yaqx0KolOUmzLEtbaN395A,https://topdeck.gg/event/halifax-cedh-1-rhystic-gaslighting
global,"Kinnan, Bonder Prodigy",Jayden Davis,2026-08-28,Spotlight: The Hobbit™ Saturday CEDH,56,1,5,0,2,True,True,https://moxfield.com/decks/KC--hk82dUScsdB-unOuHA,https://topdeck.gg/event/spotlight-the-hobbittm-saturday-cedh
global,"Kinnan, Bonder Prodigy",Jonathon Foster,2026-08-16,Brigandry Games CEDH Win-a-Mox,40,1,5,1,1,True,True,https://moxfield.com/decks/_PyB6HUi80GILp9pwCdZAw,https://topdeck.gg/event/brigandry-games-cedh-win-a-mox
global,"Kraum, Ludevic's Opus / Tymna the Weaver",Nameless,2026-09-03,VG+ Cedh Melee LXXVIII Single Elimination,16,1,2,0,0,True,True,https://moxfield.com/decks/PO6QJTDStUuo_J5Mx8jSkg,https://topdeck.gg/event/vg-cedh-melee-lxxviii-single-elimination
global,"Kraum, Ludevic's Opus / Tymna the Weaver",Sam Thompson,2026-09-06,cEDH Scotland - Merchant's Guild Qualifier September,27,1,4,1,0,True,True,https://moxfield.com/decks/kLkSKygG6kmpRqRe7K7ZOw,https://topdeck.gg/event/merchants-guild-qualifier-september
global,"Kraum, Ludevic's Opus / Tymna the Weaver",Asa Tuten,2026-08-30,Midgar Market cEDH Monthly 7: Back to School: Strixhaven Edition,16,1,4,1,0,True,True,https://moxfield.com/decks/qz6gAV1cqHq42sdNSAG1Lw,https://topdeck.gg/event/midgar-market-cedh-monthly-7-back-to-school-strixhaven
global,"Kraum, Ludevic's Opus / Tymna the Weaver",Ethan Guertner,2026-08-29,VictoryPointCEDH,17,1,3,1,0,True,True,https://moxfield.com/decks/ZU6gAVq9iH2kGzJXBjh_MA,https://topdeck.gg/event/victorypointcedh
global,"Kraum, Ludevic's Opus / Tymna the Weaver",NEW,2026-08-28,Hotsauce Games Friday CEDH,16,1,3,1,0,True,True,https://moxfield.com/decks/K4LKoJJFskqMZj97dJKCuQ,https://topdeck.gg/event/hotsauce-games-friday-cedh-81
global,"Magda, Brazen Outlaw",Sebastian San Martin,2026-08-22,ULTIMO Clasificatorio Nacional cEDH STACK SURFERS,53,1,5,0,2,True,True,https://moxfield.com/decks/iVX9xTqkEUuqFnwfFwijVw,https://topdeck.gg/event/2do-clasificatorio-nacional-cedh-stack-surfers
global,"Magda, Brazen Outlaw",The.Chad.Bod,2026-08-15,Lifelink Games $1k cEDH Championship,37,1,4,1,1,True,True,https://moxfield.com/decks/Y6TfSan17k2vj2ndwzZbEg,https://topdeck.gg/event/lifelink-games-1k-cedh-championship
global,"Magda, Brazen Outlaw",John-Ryan Dunn,2026-08-15,Game on Win-a-Card Cedh August 15th,28,1,3,0,2,True,True,https://moxfield.com/decks/6rs8z9ESV0WJvRhiRu4NUA,https://topdeck.gg/event/game-on-win-a-card-cedh-august-15th
global,"Magda, Brazen Outlaw",James Ayad [CL],2026-08-30,Cash Cards Unlimited CEDH Tournament - August,41,1,3,1,2,True,True,https://moxfield.com/decks/jjqtLrHrOUKmbFMCPGvfTQ,https://topdeck.gg/event/cash-cards-unlimited-cedh-tournament-august-2
global,"Magda, Brazen Outlaw",Phillip Johnstone,2026-09-05,Magic: The Gathering - cEDH - Store Championship,23,3,3,2,1,True,False,https://moxfield.com/decks/-WrkBor_O0u-NanHaC_6_g,https://topdeck.gg/event/magic-the-gathering-cedh-store-championship-996
global,"Maralen, Fae Ascendant",Alexander Wootten,2026-08-15,JANK JUGGERNAUTS #1 - OFF META CEDH (Presented by Salt Free MTG),52,13,1,3,1,True,False,https://moxfield.com/decks/yc6NeryzVkWskgKOya1SwQ,https://topdeck.gg/event/jank-juggernauts-1-off-meta-cedh
global,"Maralen, Fae Ascendant",Ryan Bram [[SLOP]],2026-09-04,Weekly cEDH at Arcanum!,19,4,1,1,1,False,False,https://moxfield.com/decks/2uyNJp9cdkmVsswdeSPbGQ,https://topdeck.gg/event/weekly-cedh-at-arcanum-4
global,"Maralen, Fae Ascendant",Korey Kozlowski,2026-09-05,Commander Invitational Qualifier - E4 Cards,21,5,1,2,0,False,False,https://moxfield.com/decks/Ta6eATKczHeS8kVcjISgyA,https://topdeck.gg/event/commander-invitational-qualifier-e4-cards-3
global,"Maralen, Fae Ascendant",[LPW] DanK,2026-09-05,Commander Invitational Qualifier - Current Nerd Cafe,60,34,1,4,0,False,False,https://moxfield.com/decks/8YCni4-iR0mqt6hZBCrKBA,https://topdeck.gg/event/commander-invitational-qualifier-current-nerd-cafe-5
global,"Maralen, Fae Ascendant",[Hooligan] Riley Atkinson,2026-09-05,PDX cEDH @ Guardian Games September 5th 2026 10:30 AM,70,47,0,1,4,False,False,https://moxfield.com/decks/dAJUsg5x-kCmjLYKr-E-ow,https://topdeck.gg/event/guardian-games-cedh-monthly-pdx
global,"Ral, Monsoon Mage // Ral, Leyline Prodigy",Hi it me Ed [CenCal],2026-08-15,CEDH ccc 8/14/26,25,1,3,0,1,True,True,https://moxfield.com/decks/b2p-MZQJYkeCAjQgxqaiyw,https://topdeck.gg/event/cedh-ccc-81426
global,"Ral, Monsoon Mage // Ral, Leyline Prodigy",Franco Escobar,2026-08-29,Potomac Mills MTG CEDH Commander Tournament,36,1,3,2,0,True,True,https://moxfield.com/decks/hclU60jGn0-KOakSBOFQUg,https://topdeck.gg/event/potomac-mills-mtg-cedh-commander-tournament-2
global,"Ral, Monsoon Mage // Ral, Leyline Prodigy",maya rader [pinnacle],2026-08-15,Diamond In the Rough cEDH Event,37,1,3,1,2,True,True,https://moxfield.com/decks/4yiDxOQK4EGscc2olQIc5w,https://topdeck.gg/event/one-diamond-to-rule-them-all
global,"Ral, Monsoon Mage // Ral, Leyline Prodigy",Xavi Lopez,2026-09-04,La Competència | Brain Freeze | cEDH,17,1,2,0,1,False,True,https://moxfield.com/decks/PVifAcvfbHWbSKUZ-0iICA,https://topdeck.gg/event/la-competencia-brain-freeze-cedh-375
global,"Ral, Monsoon Mage // Ral, Leyline Prodigy",Jonathan,2026-08-10,Monday Night cEDH Season 4 Week 12,18,1,1,1,0,False,True,https://moxfield.com/decks/PtFyox5QB0a3weNcfLv0Cw,https://topdeck.gg/event/monday-night-cedh-season-4-week-12
global,"Rograkh, Son of Rohgahh / Silas Renn, Seeker Adept",Alexander Bean,2026-08-28,FRIDAY NIGHT BRONZE CEDH!,16,1,2,0,0,True,True,https://moxfield.com/decks/cEniaLQNi0OnVvf1vBulPg,https://topdeck.gg/event/friday-night-bronze-cedh
global,"Rograkh, Son of Rohgahh / Silas Renn, Seeker Adept",Joseph Mekhail,2026-08-15,"Valley Forge 2026 - t/cEDH $10k-$25,000",97,1,5,1,1,True,True,https://moxfield.com/decks/g0h_xyKIgEKWy-u0cy6mJA,https://topdeck.gg/event/valley-forge-2026-tcedh-15k-25000
global,"Rograkh, Son of Rohgahh / Silas Renn, Seeker Adept",Fran González,2026-08-29,Summer Storm 15k cEDH Open,82,1,4,0,4,True,True,https://moxfield.com/decks/wIqWzfxjk0e-oybgQAilPg,https://topdeck.gg/event/summer-storm-15k-cedh-open
global,"Rograkh, Son of Rohgahh / Silas Renn, Seeker Adept",Ed G,2026-09-05,Huddersfield September cEDH,17,1,2,0,3,True,True,https://moxfield.com/decks/FlRKgE6KT0SfpKLVOFj0qA,https://topdeck.gg/event/huddersfield-september-cedh-2
global,"Rograkh, Son of Rohgahh / Silas Renn, Seeker Adept",Tomás Olivares,2026-08-22,ULTIMO Clasificatorio Nacional cEDH STACK SURFERS,53,5,3,1,2,True,False,https://moxfield.com/decks/dIRC3u51jUiegjrO_-4ClA,https://topdeck.gg/event/2do-clasificatorio-nacional-cedh-stack-surfers
global,"Rograkh, Son of Rohgahh / Thrasios, Triton Hero",Lukas Gillette,2026-08-16,Win-a-Dual August 16th cEDH at Mindgames and Magic,26,1,4,0,1,True,True,https://moxfield.com/decks/f1HGp_ktgkqUIgatmCbqGg,https://topdeck.gg/event/win-a-dual-august-26-cedh-at-mindgames-and-magic
global,"Rograkh, Son of Rohgahh / Thrasios, Triton Hero",Noel Reding,2026-08-11,Animal House Cards CEDH Piloting Practice,21,1,3,0,1,True,True,https://moxfield.com/decks/BLIqtfLQHE6DdQudQNDuSw,https://topdeck.gg/event/animal-house-cards-cedh-piloting-practice-109
global,"Rograkh, Son of Rohgahh / Thrasios, Triton Hero",Joan Paulo Martínez,2026-08-15,Mensual Agosto cEDH Valencia,20,1,3,0,1,True,True,https://moxfield.com/decks/o_Wdnx_LC0CaJytdPR-eLA,https://topdeck.gg/event/mensual-agosto-cedh-valencia
global,"Rograkh, Son of Rohgahh / Thrasios, Triton Hero",Marc Gómez,2026-08-22,COMMANDER CEDH LALUNA 22-08,47,1,4,0,2,True,True,https://moxfield.com/decks/NZfAxB6At0OIsZVowuEzWw,https://topdeck.gg/event/commander-cedh-laluna-22-08-3
global,"Rograkh, Son of Rohgahh / Thrasios, Triton Hero",Vincent Feng,2026-08-15,MAGIC: THE GATHERING - 1K CEDH AT TBS! August,32,1,3,2,0,True,True,https://moxfield.com/decks/AVdTwYKgiU6-AJPBEYo-cQ,https://topdeck.gg/event/magic-the-gathering-1k-cedh-at-tbs-august
global,"Sisay, Weatherlight Captain",Janos Nado // SNAPicalEDH,2026-09-06,cEDH Nationals Deutschland - Redemption,65,1,4,0,0,True,True,https://moxfield.com/decks/yws7SDjUrUmhFrhFrEpszA,https://topdeck.gg/event/cedh-nationals-deutschland-redemption
global,"Sisay, Weatherlight Captain",Austin,2026-08-14,Friday Night BRONZE CEDH at King's Court!,16,1,2,0,0,True,True,https://moxfield.com/decks/gZBmUMcmAEybpE8vvpgW1A,https://topdeck.gg/event/friday-night-bronze-cedh-at-kings-court-3
global,"Sisay, Weatherlight Captain",Gustavo,2026-08-29,Nacional de CEDH 100K @ WolfCon 2026,123,1,6,0,1,True,True,https://moxfield.com/decks/pdmfAe-FknWWFkOqNOVmQA,https://topdeck.gg/event/nacional-de-cedh-100k-1
global,"Sisay, Weatherlight Captain",Ipe Maglalang,2026-08-23,Ascendancy: A CEDH Tournament,19,1,4,1,0,True,True,https://moxfield.com/decks/vt-fAQlbpnuIRY0MCfL6Zg,https://topdeck.gg/event/ascendancy-a-cedh-tournament-4
global,"Sisay, Weatherlight Captain",Dirtman!,2026-09-04,Friday Night cEDH Mini Tourney @ Dice City,18,1,3,0,1,True,True,https://moxfield.com/decks/fUTur6R9fkiO-ObmZOAUlg,https://topdeck.gg/event/friday-night-cedh-mini-tourney-dice-city
global,"Tayam, Luminous Enigma",★ᴍɪsᴀ-ᴍɪsᴀ★,2026-09-07,Oahu Commander Invitational Qualifier Ser4S2W9,23,1,5,1,0,True,True,https://moxfield.com/decks/GhEktWwcAkWBeNmlto6CoA,https://topdeck.gg/event/oahu-commander-invitational-qualifier-ser4s2w9
global,"Tayam, Luminous Enigma",Michael McFadden,2026-08-30,Sunday CEDH,18,1,4,1,0,True,True,https://moxfield.com/decks/KPRlUVFCnEuvPIHQteGgCA,https://topdeck.gg/event/sunday-cedh-399
global,"Tayam, Luminous Enigma",Nick Cossey,2026-08-15,100% Dual Land CEDH Tournament - VOLCANIC ISLAND!,36,1,2,1,3,True,True,https://moxfield.com/decks/RGbx0sFHrUixe2LcFAmKHA,https://topdeck.gg/event/100-dual-land-cedh-tournament-copy
global,"Tayam, Luminous Enigma",Matthew Schaefer,2026-08-29,"Trigger on the Stack CEDH CEDH FOR MOX DIAMOND, VOLCANIC ISLAND, SAVANNAH, & YAWGMOTH’S WILL !!!",81,2,4,2,1,True,False,https://moxfield.com/decks/OtieAcFdHXiWphDhJSNSig,https://topdeck.gg/event/trigger-on-the-stack-cedh-cedh-for-mox-diamond-volcanic
global,"Tayam, Luminous Enigma",Carlos Casiano // SeaEDH,2026-08-22,BREACH THE BAY 2 - cEDH 25K - AUGUST 22nd & 23rd,429,30,4,3,0,True,False,https://moxfield.com/decks/uyefAaoa6XS4qfhdwf_fEQ,https://topdeck.gg/event/breach-the-bay-2
global,"Thrasios, Triton Hero / Tymna the Weaver",Jacob Graham [LUX],2026-08-29,CEDH August Event 2026,20,1,4,0,1,True,True,https://moxfield.com/decks/9RygAVh9LnSBzdWGiu16QQ,https://topdeck.gg/event/cedh-august-event-2026
global,"Thrasios, Triton Hero / Tymna the Weaver",[AP9] A!an,2026-08-14,Shattered TCG Summer Series: cEDH Back to School Jam 2: Sophmore Year,30,1,3,0,1,True,True,https://moxfield.com/decks/isCfAeU9_3yNHmg5S9t5lA,https://topdeck.gg/event/shattered-tcg-summer-series-cedh-end-of-summer-slam-copy
global,"Thrasios, Triton Hero / Tymna the Weaver",Jordon Robbins,2026-08-24,Oahu Commander Invitational Qualifier Ser4S2W7,20,1,4,2,0,True,True,https://moxfield.com/decks/9bxNL06vJEmHMZSwiQz_bQ,https://topdeck.gg/event/oahu-commander-invitational-qualifier-ser4s2w7
global,"Thrasios, Triton Hero / Tymna the Weaver",Ethan Morrison,2026-08-15,CEDH Unleashed @ MTG MATE,20,1,2,2,1,True,True,https://moxfield.com/decks/iOp7b20V9kKbPN1E28TdoQ,https://topdeck.gg/event/cedh-unleashed-mtg-mate-2
global,"Thrasios, Triton Hero / Tymna the Weaver",Sawyer Lougheed,2026-08-22,BREACH THE BAY 2 - cEDH 25K - AUGUST 22nd & 23rd,429,19,5,2,0,True,False,https://moxfield.com/decks/srJ31niwBUGh_OK5ApoFrw,https://topdeck.gg/event/breach-the-bay-2
global,"Thrasios, Triton Hero / Yoshimaru, Ever Faithful",Auston Robertson,2026-08-15,Magic the Gathering Commander cEDH Dual Land Tournament,31,1,4,2,0,True,True,https://moxfield.com/decks/OwSgAVTdhXCDETPOa8J5-A,https://topdeck.gg/event/magic-the-gathering-commander-cedh-dual-land-tournament
global,"Thrasios, Triton Hero / Yoshimaru, Ever Faithful",Chrissy Kay,2026-08-22,The End Games King Kong Fu CEDH Tournament,20,1,3,1,1,True,True,https://moxfield.com/decks/JBcSQAY_7E-N7uwUaoMvTQ,https://topdeck.gg/event/the-end-games-king-kong-fu-cedh-tournament
global,"Thrasios, Triton Hero / Yoshimaru, Ever Faithful",Smallz [LUX],2026-08-15,August Event | Dragon Parlor Games 2026 cEDH Season,23,1,2,2,1,True,True,https://moxfield.com/decks/MUGqVqZqB0qFJbBmJAWbaw,https://topdeck.gg/event/april-the-quest-qualifier-event-dragon-parlor-games-2026-2
global,"Thrasios, Triton Hero / Yoshimaru, Ever Faithful",Chris calhoun,2026-08-15,"James Stratton presents: The first ever ""we fight for our wins"" cedh tournament hosted by Saferoom Games",29,1,3,2,0,False,True,https://moxfield.com/decks/x-eeAWglkXW9pYpYi3T1_g,https://topdeck.gg/event/james-stratton-presents-the-first-ever-we-fight-for-our
global,"Thrasios, Triton Hero / Yoshimaru, Ever Faithful",Dixon Layton,2026-08-22,BREACH THE BAY 2 - cEDH 25K - AUGUST 22nd & 23rd,429,8,5,2,1,True,False,https://moxfield.com/decks/Zl04m7yKgEeCzlHqxLuJkw,https://topdeck.gg/event/breach-the-bay-2
global,"Tivit, Seller of Secrets",Abraham Rodríguez Leija,2026-08-29,Nacional de CEDH 100K @ WolfCon 2026,123,6,4,2,0,True,False,https://moxfield.com/decks/O9hkdF11L0athaSk6ULqPw,https://topdeck.gg/event/nacional-de-cedh-100k-1
global,"Tivit, Seller of Secrets",Haziel C,2026-08-29,Battlegrounds cEDH Monthly,32,2,3,2,0,True,False,https://moxfield.com/decks/K3N5JlSqeE6zRzPsm9GD5g,https://topdeck.gg/event/battlegrounds-cedh-monthly-2-1784678287310
global,"Tivit, Seller of Secrets",Eli Murphy,2026-08-29,Blast Off Gaming $3k Dual Dash cEDH Tournament!,77,5,3,2,1,True,False,https://moxfield.com/decks/wS8Apim_NUCodEfT97ViSg,https://topdeck.gg/event/blast-off-gaming-cedh-tournament-6
global,"Tivit, Seller of Secrets",Beto Arriaga,2026-08-29,Nacional de CEDH 100K @ WolfCon 2026,123,7,3,3,0,True,False,https://moxfield.com/decks/z2BwR-FqRUCZozHHEQdtLg,https://topdeck.gg/event/nacional-de-cedh-100k-1
global,"Tivit, Seller of Secrets",Jacob Ian Rodriguez,2026-08-29,Capital District CEDH X,47,4,2,1,4,True,False,https://moxfield.com/decks/QDSvM5WoDE2hRaK8PbyM-Q,https://topdeck.gg/event/capital-district-cedh-x
global,"Urza, Lord High Artificer",Micah,2026-08-22,BREACH THE BAY 2 - cEDH 25K - AUGUST 22nd & 23rd,429,109,2,2,2,False,False,https://moxfield.com/decks/VdHWTHU-2UqohtLZpCbBrg,https://topdeck.gg/event/breach-the-bay-2
global,"Urza, Lord High Artificer",Francisco De la Cruz Herrera,2026-08-29,Nacional de CEDH 100K @ WolfCon 2026,123,33,2,3,0,False,False,https://moxfield.com/decks/yFclGBIjWESl6PSSQFxmAg,https://topdeck.gg/event/nacional-de-cedh-100k-1
global,"Urza, Lord High Artificer",Brad Anderson,2026-08-30,Forbes CEDH Mox Diamond Qualifier| Aug 2026,34,12,1,2,1,False,False,https://moxfield.com/decks/Sm3xpE-A-EKhNZowDWYr5g,https://topdeck.gg/event/forbes-cedh-mox-diamond-qualifier-aug-2026
global,"Urza, Lord High Artificer",Dani Gonzalez (Drg),2026-08-22,COMMANDER CEDH LALUNA 22-08,47,23,0,0,4,False,False,https://moxfield.com/decks/dh-ibQ91HEeV2JuArOXkzQ,https://topdeck.gg/event/commander-cedh-laluna-22-08-3
global,"Urza, Lord High Artificer",Brandon burgos,2026-08-22,ULTIMO Clasificatorio Nacional cEDH STACK SURFERS,53,35,0,1,4,False,False,https://moxfield.com/decks/RzLmaf3R5E-d84vbr9iskQ,https://topdeck.gg/event/2do-clasificatorio-nacional-cedh-stack-surfers
